sensor,MSE,RMSE,SNR_dB,SSIM
humidity,12.749717245810508,3.570674620545886,25.08910037949596,0.2902423677110358
temp_envi,2.8123946815214844,1.6770195829272492,24.774498793316567,0.20826968760063683
temp_water,1.7486335728613922,1.322359093764395,26.22599671058679,0.20961394898715213
tds,160.0011683681537,12.649156824395597,33.95215296682012,0.5836118211889979
lux,1283419.1502128665,1132.880907338837,18.575067223855505,0.6108828737392608
ppfd,3043.0891990401137,55.16420215175883,16.55843076871017,0.2265995742327091
reflect_445,0.05497872579959683,0.2344754268566257,7.504173017623101,0.24631434573591832
reflect_480,0.057426572135434464,0.23963841957297763,7.403921602757556,0.2595262122376147
ph,0.18779689795507346,0.4333553945147948,23.2034296734642,0.0636355840130352
